{
  "You don't have any installed mods": "설치된 모드가 없음",
  "You can also add mods to a collection from the mods screen: Right-click > Add to Collection": "모드 화면에서 컬렉션에 모드를 추가할 수도 있습니다. 오른쪽 클릭 > 컬렉션에 추가",
  "Mods need to be in an installed state in order to add them to a collection. If the mod you want to add is not in this list, make sure it's installed.": "모드를 컬렉션에 추가하려면 모드가 설치된 상태여야 합니다. 추가하려는 모드가 이 목록에 없으면 설치되어 있는지 확인하세요.",
  "Close": "닫기",
  "Add Selection": "선택 추가",
  "Download the latest meta information about your installed and owned collections. This will reset local changes to names of collections in your workshop.": "설치 및 소유한 컬렉션에 대한 최신 메타 정보를 다운로드합니다. 이렇게 하면 작업장의 컬렉션 이름에 대한 로컬 변경 사항이 재설정됩니다.",
  "Added Collections": "추가된 컬렉션",
  "View and manage collections created by other users.": "다른 사용자가 만든 컬렉션을 보고 관리합니다.",
  "Date downloaded": "다운로드 날짜",
  "Recently updated": "최근 업데이트",
  "Workshop": "워크샵",
  "Open My Collections Page": "내 컬렉션 페이지 열기",
  "Date created": "생성일",
  "Discover more collections": "더 많은 컬렉션 보기",
  "collection-own-page": "나만의 컬렉션을 만들어 넥서스 모드 커뮤니티와 공유하세요. 업로드한 모든 컬렉션을 <1>여기</1>에서 볼 수 있습니다.",
  "Create a collection": "컬렉션 만들기",
  "From Profile": "프로필에서",
  "Empty": "빈 컬렉션",
  "Name must be between {{min}}-{{max}} characters long": "이름은 {{min}}~{{max}}자 사이여야 합니다",
  "Upload New": "신규 업로드",
  "Revision {{number}}": "개정 {{number}}",
  "By {{uploader}}": "By {{uploader}}",
  "Change name": "이름 변경",
  "Can't upload an empty collection": "빈 컬렉션 업로드 불가",
  "신규 업로드": "신규 업로드",
  "View All Collections": "모든 컬렉션 보기",
  "Edit Collection": "컬렉션 수정",
  "Remove this collection": "이 컬렉션 제거",
  "Open site": "사이트 열기",
  "View Site": "사이트 보기",
  "Set up your mod collection's rules and site preferences.": "모드 컬렉션의 규칙 및 사이트 기본 설정을 설정합니다.",
  "Mod Rules": "모드 규칙",
  "File Overrides": "파일 재정의",
  "There are no mods in this collection": "이 컬렉션에는 모드가 없습니다",
  "Add more mods": "더 많은 모드 추가",
  "By default the collection will replicate all your custom rules that dictate the deployment order of mods.": "기본적으로 컬렉션은 모드의 배포 순서를 지정하는 모든 사용자 지정 규칙을 복제합니다.",
  "If you disable rules here your collection may produce unresolved file conflicts that the user has to resolve.": "여기에서 규칙을 비활성화하면 컬렉션에서 사용자가 해결해야 하는 해결되지 않은 파일 충돌이 발생할 수 있습니다.",
  "Enable all": "모두 활성",
  "Disable all": "모두 비활성",
  "File overrides let you override file priority on a file-by-file basis. The collection will include the file overrides you have defined for any mod enabled below.": "파일 재정의는 파일별로 파일 우선순위를 재정의할 수 있게 해줍니다. 컬렉션에는 아래에서 활성화한 모드에 대해 정의한 파일 재정의가 포함됩니다.",
  "The overridden files will be taken from these mod ignoring any other mod rules the user may have. You should assume many users may not be aware of this functionality and thus how to change this if it's not what they want so please use this sparingly.": "재정의된 파일은 사용자가 가지고 있을 수 있는 다른 모드 규칙을 무시하고 이 모드에서 가져옵니다. 이 기능을 모르는 사용자가 많을 수 있으므로 원하는 기능이 아닐 경우 변경하는 방법은 신중하게 사용하시기 바랍니다.",
  "This screen lets you set up tweaks for the game ini file that will be applied to a user's setup when they use your collection.": "이 화면에서는 사용자가 컬렉션을 사용할 때 사용자의 설정에 적용될 게임 ini 파일에 대한 트윅을 설정할 수 있습니다.",
  "Users can toggle these ini tweaks individually so you may want to set up multiple tweaks to give users granular control.": "사용자는 이러한 ini 트윅을 개별적으로 전환할 수 있으므로 여러 개의 트윅을 설정하여 사용자에게 세분화된 제어 권한을 부여할 수 있습니다.",
  "Tweak Name": "트윅 이름",
  "Ini File": "Ini 파일",
  "Edit Ini File": "Ini 파일 수정",
  "\"Edit\" allows you to input the ini tweak you want to apply to the target ini file. Please provide the section as well as your tweak(s). e.g.:\n\n[General]\nsIntroSequence=0": "\"수정\"을 사용하면 대상 ini 파일에 적용하려는 ini 트윅을 입력할 수 있습니다. 섹션과 트윅 내용을 입력하세요. 예:\n\n[일반]\nIntroSequence=0",
  "To assist in the testing of INI configuration application - any enabled INI modification on this page will be applied to your own environment in the next deployment event; IF the collection mod is enabled.": "INI 구성 애플리케이션의 테스트를 지원하기 위해 - 이 페이지에서 활성화된 모든 INI 수정 사항은 다음 배포 이벤트에서 자신의 환경에 적용됩니다.(컬렉션 모드가 활성화된 경우)",
  "To disable/enable an INI tweak, simply click on the button itself (in the status column). If needed, INI tweak can be removed by clicking the arrow next to the button and selecting \"Remove\"": "INI 트윅을 비활성화/활성화하려면 버튼 자체(상태 열에서)를 클릭하기만 하면 됩니다. 필요한 경우 버튼 옆의 화살표를 클릭하고 \"제거\"를 선택하여 INI 트윅을 제거할 수 있습니다.",
  "This screen lets you include tools you manually configured to be run from Vortex.": "이 화면에서는 Vortex에서 실행되도록 수동으로 구성한 도구를 포함할 수 있습니다.",
  "Obviously users will need to have these tools installed. If they aren't included in the game and not installed as a mod through this collection, you should include instructions for the user on how to get the tool.": "물론 사용자는 이러한 도구를 설치해야 합니다. 이러한 도구가 게임에 포함되어 있지 않고 이 컬렉션을 통해 모드로 설치되지 않은 경우, 사용자에게 도구를 얻는 방법에 대한 지침을 포함해야 합니다.",
  "Icon": "아이콘",
  "Args": "Args",
  "Environment": "환경",
  "The collection will include your custom load order rules so that users of your collection will get the same load order.": "컬렉션에는 컬렉션의 사용자가 동일한 로드 순서를 얻을 수 있도록 사용자 지정 로드 순서 규칙이 포함됩니다.",
  "Rules you remove here are also removed from your actual setup.": "여기에서 제거하는 규칙은 실제 설정에서도 제거됩니다.",
  "Select (click, shift-click, ...) installed mods you want to add to your collection below:": "아래에서 컬렉션에 추가할 설치된 모드를 선택(클릭, Shift+클릭, ...):"
}