{
  "Collection installation complete": "컬렉션 설치 완료",
  "No description": "설명 없음",
  "Done": "완료",
  "You now have the whole collection installed, you can start editing your collection by cloning it.": "이제 전체 컬렉션이 설치되었으므로 컬렉션을 복제하여 편집을 시작할 수 있습니다.",
  "Clone the collection to the workshop for editing": "편집을 위해 컬렉션을 워크샵에 복제하기",
  "Edit": "편집",
  "Collections": "컬렉션"
}