{
  "Plugins": "플러그인",
  "Autosort Enabled": "자동 정렬 활성화됨",
  "Disable automatic load order sorting powered by LOOT": "LOOT에 기반한 자동 로드 순서 정렬 비활성화",
  "Sort Now": "지금 정렬",
  "Sort your load order using LOOT": "LOOT를 사용하여 로드 순서 정렬",
  "Manage Rules": "규칙 관리",
  "Manage Groups": "그룹 관리",
  "History": "기록",
  "Ghost": "유령",
  "Loaded by engine": "엔진에 의해 로드됨",
  "Master": "마스터",
  "Light": "가벼움",
  "Loads Archive": "아카이브 로드",
  "Could be light": "가벼울 수 있음",
  "Native": "네이티브",
  "Not light": "가볍지 않음",
  "Dirty": "더러움",
  "Don't clean": "청소하지 않음",
  "Warnings": "경고",
  "LOOT Messages": "LOOT 메시지",
  "Tags": "태그",
  "Requires cleaning (LOOT)": "청소 필요 (LOOT)",
  "Drag to another plugin to set userlist rule": "다른 플러그인으로 드래그하여 사용자 목록 규칙 설정",
  "Loads after:": "로드 후:",
  "Loaded by the engine, can't be configured": "엔진에 의해 로드되며 구성할 수 없음",
  "load {{ reference }} after {{ name }}": "{{ name }} 다음에 {{ reference }} 불러오기 ",
  "LOOT reported a cyclic interaction between rules.<br />In the simplest case this is something like [i]\"A needs to load after B\"[/i] and [i]\"B needs to load after A\"[/i] but it can be more complicated, involving multiple plugins and groups and [i]their[/i] order.<br />": "LOOT는 규칙 간의 주기적인 상호작용을 보고했습니다.<br />가장 간단한 경우는 [i]\"A가 B\"[/i] 이후에 로드되어야 하고 [i]\"B가 A\"[/i] 이후에 로드되어야 하지만 더 복잡할 수 있습니다. 여러 플러그인 및 그룹과 [i]그들의[/i] 순서를 포함합니다.<br />",
  "Verified clean (LOOT)": "깨끗한 것으로 확인됨 (LOOT)",
  "Requires:": "필요:",
  "- Plugin has missing masters": "- 플러그인에 마스터가 없음",
  "Not deployed": "배포되지 않음"
}