﻿[
 {
   "Key": "UserLanguageDefaultEnglish",
   "Value": "English"
 },
 {
   "Key": "UserLanguageFrench",
   "Value": "Français (French)"
 },
 {
   "Key": "UserLanguageItalian",
   "Value": "Italiano (Italian)"
 },
 {
   "Key": "UserLanguageGerman",
   "Value": "Deutsch (German)"
 },
 {
   "Key": "UserLanguagePolish",
   "Value": "Polski (Polish)"
 },
 {
   "Key": "UserLanguagePortugueseBrazilian",
   "Value": "Português-Brazil (Brazilian Portuguese)"
 },
 {
   "Key": "UserLanguagePortugueseEuropean",
   "Value": "Português (European Portuguese)"
 },
 {
   "Key": "UserLanguageSimplifiedChinese",
   "Value": "한국어 (Korean)"
 },
 {
   "Key": "UserLanguageTraditionalChinese",
   "Value": "繁體中文 (Traditional Chinese)"
 },
 {
   "Key": "UserLanguageSpanish",
   "Value": "Español (Spanish)"
 },
 {
   "Key": "UserLanguageSwedish",
   "Value": "Svenska (Swedish)"
 },
 {
   "Key": "UserLanguageDutch",
   "Value": "Nederlands (Dutch)"
 },
 {
   "Key": "UserLanguageJapanese",
   "Value": "日本語 (Japanese)"
 },
 {
   "Key": "UserLanguageCzech",
   "Value": "Čeština (Czech)"
 },
 {
   "Key": "UserLanguageUkrainian",
   "Value": "український (Ukrainian)"
 },
 {
   "Key": "UserLanguageTurkish",
   "Value": "Türkçe (Turkish)"
 },
 {
   "Key": "UserLanguageRussian",
   "Value": "Русский (Russian)"
 }
]